10795	Q0	4145a64995792f84d456e62ef83f1404251893c3	1	1.0	lambdamart_mrfr_train_90_10_split_lm_ndcg_nofeat_random_state=0.json
10795	Q0	44856fea7203a7e02f68d5fcc3390f2d44ba8b73	2	0.5	lambdamart_mrfr_train_90_10_split_lm_ndcg_nofeat_random_state=0.json
10795	Q0	4d5251c0520ee6698087ee37864079e19d56b2f8	3	0.333333	lambdamart_mrfr_train_90_10_split_lm_ndcg_nofeat_random_state=0.json
10795	Q0	ef7bfa013689524c27370ef7849789b48ff42656	4	0.25	lambdamart_mrfr_train_90_10_split_lm_ndcg_nofeat_random_state=0.json
10795	Q0	f85bd7fe8f93f31ca95ac7fc79bffd7718172e87	5	0.2	lambdamart_mrfr_train_90_10_split_lm_ndcg_nofeat_random_state=0.json
10795	Q0	9a7c723c68cfaaf25e9d015eddaedefb4a709f71	6	0.166667	lambdamart_mrfr_train_90_10_split_lm_ndcg_nofeat_random_state=0.json
10795	Q0	c7f6a6728adfa3d29327384bdfedb297ccff3613	7	0.142857	lambdamart_mrfr_train_90_10_split_lm_ndcg_nofeat_random_state=0.json
10795	Q0	1becf91544a459746807e0a5e8f83957317765a4	8	0.125	lambdamart_mrfr_train_90_10_split_lm_ndcg_nofeat_random_state=0.json
10795	Q0	a3006b4e72ca92746d358eb0d0896cb2e74223b9	9	0.111111	lambdamart_mrfr_train_90_10_split_lm_ndcg_nofeat_random_state=0.json
10795	Q0	98e9db3f5d1c616805da25673498a910974969e7	10	0.1	lambdamart_mrfr_train_90_10_split_lm_ndcg_nofeat_random_state=0.json
10795	Q0	6a224ae28b30026c7d3566280123f0488d83c550	11	0.090909	lambdamart_mrfr_train_90_10_split_lm_ndcg_nofeat_random_state=0.json
10795	Q0	7e9a1a27d9a965e002f510565c8bc94399d9f3fd	12	0.083333	lambdamart_mrfr_train_90_10_split_lm_ndcg_nofeat_random_state=0.json
10795	Q0	86c0337f18d3097836f7348656c6492715c4319d	13	0.076923	lambdamart_mrfr_train_90_10_split_lm_ndcg_nofeat_random_state=0.json
10795	Q0	fbd560f35e5fd5e6158e5bedf9754432c49c1852	14	0.071429	lambdamart_mrfr_train_90_10_split_lm_ndcg_nofeat_random_state=0.json
10795	Q0	62e12e54fd20ed09b643c3d0c8cac0562c184289	15	0.066667	lambdamart_mrfr_train_90_10_split_lm_ndcg_nofeat_random_state=0.json
10795	Q0	35d9fd375cbd4d75a456d117b25f74f2229c6ab5	16	0.0625	lambdamart_mrfr_train_90_10_split_lm_ndcg_nofeat_random_state=0.json
10795	Q0	03b42ddd9423ad598ccbf93f5d76494925d91dcb	17	0.058824	lambdamart_mrfr_train_90_10_split_lm_ndcg_nofeat_random_state=0.json
10795	Q0	c885d082a3840bc52205085597ab9445e3429748	18	0.055556	lambdamart_mrfr_train_90_10_split_lm_ndcg_nofeat_random_state=0.json
10795	Q0	beef1f90aa0d035075a69c99f2a87cdef372c2b3	19	0.052632	lambdamart_mrfr_train_90_10_split_lm_ndcg_nofeat_random_state=0.json
10795	Q0	88cd22f12775a79cd9cb402f3e25e19c02c2f058	20	0.05	lambdamart_mrfr_train_90_10_split_lm_ndcg_nofeat_random_state=0.json
10795	Q0	bd02649a5f6cbe36122a731b162b8811ca0e78f6	21	0.047619	lambdamart_mrfr_train_90_10_split_lm_ndcg_nofeat_random_state=0.json
10795	Q0	65bd8019513d2f54f730b2564dffa4dbe113a606	22	0.045455	lambdamart_mrfr_train_90_10_split_lm_ndcg_nofeat_random_state=0.json
10795	Q0	73caa2f5564109a6fc15e0aa41a9470d0c162d93	23	0.043478	lambdamart_mrfr_train_90_10_split_lm_ndcg_nofeat_random_state=0.json
10795	Q0	93d5efdec8b755f7fce857c1af1787d28a3ae9a7	24	0.041667	lambdamart_mrfr_train_90_10_split_lm_ndcg_nofeat_random_state=0.json
10795	Q0	a53dbbcbd462c42c858a1a8abb7c72fb7ae271bb	25	0.04	lambdamart_mrfr_train_90_10_split_lm_ndcg_nofeat_random_state=0.json
10795	Q0	52c9e15facda9999e54b8876d8ad5f2edd885d9f	26	0.038462	lambdamart_mrfr_train_90_10_split_lm_ndcg_nofeat_random_state=0.json
10795	Q0	9d4a2611a7bfc7216827ead232f3d3a871d71cf7	27	0.037037	lambdamart_mrfr_train_90_10_split_lm_ndcg_nofeat_random_state=0.json
10795	Q0	2f48eaf72607d95958f8c59ee4def200c59dbe7d	28	0.035714	lambdamart_mrfr_train_90_10_split_lm_ndcg_nofeat_random_state=0.json
10795	Q0	8ba23fd8548177727fcdd6c5bf45ae6d4b8cda48	29	0.034483	lambdamart_mrfr_train_90_10_split_lm_ndcg_nofeat_random_state=0.json
10795	Q0	7602c565ee1f5345b4d114b42618d53780eaa4e2	30	0.033333	lambdamart_mrfr_train_90_10_split_lm_ndcg_nofeat_random_state=0.json
10795	Q0	a7e58b062b7fd762fb6ea3e1b2620b2e417d2124	31	0.032258	lambdamart_mrfr_train_90_10_split_lm_ndcg_nofeat_random_state=0.json
10795	Q0	dbdf563cad180a09fe630c830f6a8dccc23862e0	32	0.03125	lambdamart_mrfr_train_90_10_split_lm_ndcg_nofeat_random_state=0.json
10795	Q0	7222b323ce73e7b4ca109e00159d4131d5d0d865	33	0.030303	lambdamart_mrfr_train_90_10_split_lm_ndcg_nofeat_random_state=0.json
10795	Q0	640f88c7b155e65a1652d18d5f0b1e6bccb8e667	34	0.029412	lambdamart_mrfr_train_90_10_split_lm_ndcg_nofeat_random_state=0.json
10795	Q0	b891bc93b0354acc68bdb71f91e03478d3fb95b6	35	0.028571	lambdamart_mrfr_train_90_10_split_lm_ndcg_nofeat_random_state=0.json
10795	Q0	f08f699374a27cdbc2c1ecf050ae285b01bda723	36	0.027778	lambdamart_mrfr_train_90_10_split_lm_ndcg_nofeat_random_state=0.json
10795	Q0	be8bce2440f80710c641e8e95dbc1c46080793bf	37	0.027027	lambdamart_mrfr_train_90_10_split_lm_ndcg_nofeat_random_state=0.json
10795	Q0	3813c9cb1bbbf699998b622fe4c8dbb02c9db482	38	0.026316	lambdamart_mrfr_train_90_10_split_lm_ndcg_nofeat_random_state=0.json
43018	Q0	4b4b63405efd22a96cc45b22c08124d62a475d6f	1	1.0	lambdamart_mrfr_train_90_10_split_lm_ndcg_nofeat_random_state=0.json
43018	Q0	56e2e7643ac3a9832d14ade7d868892ed544fa90	2	0.5	lambdamart_mrfr_train_90_10_split_lm_ndcg_nofeat_random_state=0.json
43018	Q0	111e7daa3c579208ba80c23ac33ab7e7b5b1f099	3	0.333333	lambdamart_mrfr_train_90_10_split_lm_ndcg_nofeat_random_state=0.json
43018	Q0	61489f640b648e2a1a47e72a25df55b18f608ff1	4	0.25	lambdamart_mrfr_train_90_10_split_lm_ndcg_nofeat_random_state=0.json
43018	Q0	ed75211c942d6ae915407b8c598a13c29d92a9cf	5	0.2	lambdamart_mrfr_train_90_10_split_lm_ndcg_nofeat_random_state=0.json
43018	Q0	880c714c4c0aa37664e49561f796a82c7bb16474	6	0.166667	lambdamart_mrfr_train_90_10_split_lm_ndcg_nofeat_random_state=0.json
43018	Q0	971766088dfaf63fb55e6f0190b14f28f2c98ad0	7	0.142857	lambdamart_mrfr_train_90_10_split_lm_ndcg_nofeat_random_state=0.json
43018	Q0	8d7238eea00059deb446b6309bcae2901c966049	8	0.125	lambdamart_mrfr_train_90_10_split_lm_ndcg_nofeat_random_state=0.json
43018	Q0	0ed269ce5462a4a0ba22a1270d7810c7b3374a09	9	0.111111	lambdamart_mrfr_train_90_10_split_lm_ndcg_nofeat_random_state=0.json
43018	Q0	9dfb86bb669f6ca0609ac51a3cad89aee21e6fde	10	0.1	lambdamart_mrfr_train_90_10_split_lm_ndcg_nofeat_random_state=0.json
43018	Q0	d43eb5be86d312af070c4dc1a31f75792e414dce	11	0.090909	lambdamart_mrfr_train_90_10_split_lm_ndcg_nofeat_random_state=0.json
43018	Q0	910496ab7aeb556af91030fccdc5934fd3ab0c97	12	0.083333	lambdamart_mrfr_train_90_10_split_lm_ndcg_nofeat_random_state=0.json
43018	Q0	c16b8b3d65c8d49bbd7c4de0876186edf793fc2b	13	0.076923	lambdamart_mrfr_train_90_10_split_lm_ndcg_nofeat_random_state=0.json
43018	Q0	8fa5c7f2a79c60bac1c3db133e257731e819828b	14	0.071429	lambdamart_mrfr_train_90_10_split_lm_ndcg_nofeat_random_state=0.json
43018	Q0	bb5e388aa3c9d593f5d27bde0180895f1c329898	15	0.066667	lambdamart_mrfr_train_90_10_split_lm_ndcg_nofeat_random_state=0.json
43018	Q0	1058e4456ec9e4254d44c8216d46b7e50178f242	16	0.0625	lambdamart_mrfr_train_90_10_split_lm_ndcg_nofeat_random_state=0.json
43018	Q0	41d7ec8f07aca0944d6264c92614b2f5238dee81	17	0.058824	lambdamart_mrfr_train_90_10_split_lm_ndcg_nofeat_random_state=0.json
43018	Q0	f07914ea6330add99631216026e41e1f8e8de09b	18	0.055556	lambdamart_mrfr_train_90_10_split_lm_ndcg_nofeat_random_state=0.json
43018	Q0	d7c5389e10debb6d7af6dc7ca8bf7f2c17a8f7dc	19	0.052632	lambdamart_mrfr_train_90_10_split_lm_ndcg_nofeat_random_state=0.json
43018	Q0	a7216fb6bf0188bcd2ed6f040c9bf1e2226bb744	20	0.05	lambdamart_mrfr_train_90_10_split_lm_ndcg_nofeat_random_state=0.json
43018	Q0	57828b4d7393145415c74dd27b6d19d23a22d14c	21	0.047619	lambdamart_mrfr_train_90_10_split_lm_ndcg_nofeat_random_state=0.json
43018	Q0	2b0dcadf2a119c84f3f2cc543d6bbaea18d85d6e	22	0.045455	lambdamart_mrfr_train_90_10_split_lm_ndcg_nofeat_random_state=0.json
43018	Q0	ff9cc7d8f7a4e516d4e9cebdde5f94fadeafc242	23	0.043478	lambdamart_mrfr_train_90_10_split_lm_ndcg_nofeat_random_state=0.json
43018	Q0	c7b08740b69b2973f1f73c6f9793f2cee727ff9e	24	0.041667	lambdamart_mrfr_train_90_10_split_lm_ndcg_nofeat_random_state=0.json
43018	Q0	dfd1ffe1fe37c62e6738fef70447be98778ceab6	25	0.04	lambdamart_mrfr_train_90_10_split_lm_ndcg_nofeat_random_state=0.json
43018	Q0	bbf3a66ac70269921064cfef39ef258bf8b05f31	26	0.038462	lambdamart_mrfr_train_90_10_split_lm_ndcg_nofeat_random_state=0.json
43018	Q0	e46750b4308161691cb6d0e36c2930ee5164a592	27	0.037037	lambdamart_mrfr_train_90_10_split_lm_ndcg_nofeat_random_state=0.json
43018	Q0	5053e086955182440b2c3e6bd21a29240b1565ed	28	0.035714	lambdamart_mrfr_train_90_10_split_lm_ndcg_nofeat_random_state=0.json
43018	Q0	02ee1c347309f4c3246eaa704645b24fa4975601	29	0.034483	lambdamart_mrfr_train_90_10_split_lm_ndcg_nofeat_random_state=0.json
43018	Q0	b016670e4e0986a85cc70a625e8627a80217a0a7	30	0.033333	lambdamart_mrfr_train_90_10_split_lm_ndcg_nofeat_random_state=0.json
66637	Q0	dea6c3948efcb63da1dd103013fa6d5bb82cf281	1	1.0	lambdamart_mrfr_train_90_10_split_lm_ndcg_nofeat_random_state=0.json
66637	Q0	32120fcbe7d858fe61b5ebc589983e9b015a060a	2	0.5	lambdamart_mrfr_train_90_10_split_lm_ndcg_nofeat_random_state=0.json
66637	Q0	a0eb1f063cb91f1797f22e6c59727c52eb827e1e	3	0.333333	lambdamart_mrfr_train_90_10_split_lm_ndcg_nofeat_random_state=0.json
66637	Q0	ee80feb04470103fa08ff2c06d24e1418171ea92	4	0.25	lambdamart_mrfr_train_90_10_split_lm_ndcg_nofeat_random_state=0.json
66637	Q0	020ff08e348b8fc8f2c8af3798175ccdef58ee0e	5	0.2	lambdamart_mrfr_train_90_10_split_lm_ndcg_nofeat_random_state=0.json
66637	Q0	1c4484ee6e112fad6070b6c9c9834d63321a83bd	6	0.166667	lambdamart_mrfr_train_90_10_split_lm_ndcg_nofeat_random_state=0.json
66637	Q0	e0dea4002c13ba513c0c347d76602aefaacfc11b	7	0.142857	lambdamart_mrfr_train_90_10_split_lm_ndcg_nofeat_random_state=0.json
66637	Q0	5c69875be977c1de9392dd8392937ebbf606dd18	8	0.125	lambdamart_mrfr_train_90_10_split_lm_ndcg_nofeat_random_state=0.json
66637	Q0	35eba6c9d459e0bf46861912f4102314bffea1ad	9	0.111111	lambdamart_mrfr_train_90_10_split_lm_ndcg_nofeat_random_state=0.json
66637	Q0	88b9a33dca4aab17edd6155657128675e698a01a	10	0.1	lambdamart_mrfr_train_90_10_split_lm_ndcg_nofeat_random_state=0.json
66637	Q0	848a60d793a9aeaf9d10e04351fa11f60dd5b04a	11	0.090909	lambdamart_mrfr_train_90_10_split_lm_ndcg_nofeat_random_state=0.json
49766	Q0	0779d356b2bb4205428938ade435d8061dd67bca	1	1.0	lambdamart_mrfr_train_90_10_split_lm_ndcg_nofeat_random_state=0.json
49766	Q0	15ce8cc706892d9e19b618df28b8cc38509a1e7b	2	0.5	lambdamart_mrfr_train_90_10_split_lm_ndcg_nofeat_random_state=0.json
49766	Q0	88b7f0266a4d9962cce86bcd14f3a6619d1d98c4	3	0.333333	lambdamart_mrfr_train_90_10_split_lm_ndcg_nofeat_random_state=0.json
49766	Q0	f2ef14b43e58157be23d00acdf55fa7688282bbe	4	0.25	lambdamart_mrfr_train_90_10_split_lm_ndcg_nofeat_random_state=0.json
49766	Q0	58091a45af0a11df43eba1f18f287add59d18a80	5	0.2	lambdamart_mrfr_train_90_10_split_lm_ndcg_nofeat_random_state=0.json
49766	Q0	34080e954e99b1c8795336a6ff13330a1f1367ab	6	0.166667	lambdamart_mrfr_train_90_10_split_lm_ndcg_nofeat_random_state=0.json
49766	Q0	983d33f403f4560e3f03efa4fe9d01a1f01831fb	7	0.142857	lambdamart_mrfr_train_90_10_split_lm_ndcg_nofeat_random_state=0.json
49766	Q0	66d2acae2985f4aa01c8625d615482cb618e9dd9	8	0.125	lambdamart_mrfr_train_90_10_split_lm_ndcg_nofeat_random_state=0.json
49766	Q0	acc2da3b2700c5c528b2c98ae4b6f48027181c93	9	0.111111	lambdamart_mrfr_train_90_10_split_lm_ndcg_nofeat_random_state=0.json
49766	Q0	5bb109e090788fb3076b1bb0ab50d2cc4224fadd	10	0.1	lambdamart_mrfr_train_90_10_split_lm_ndcg_nofeat_random_state=0.json
49766	Q0	e2c3df89799b6f192c700525d95bf46c67e1707e	11	0.090909	lambdamart_mrfr_train_90_10_split_lm_ndcg_nofeat_random_state=0.json
12073	Q0	9d8ccd08ae89d502d3d75ec046dff942f260cb7a	1	1.0	lambdamart_mrfr_train_90_10_split_lm_ndcg_nofeat_random_state=0.json
12073	Q0	07a8123ba4e50378a9c89aa0aa5134e2e600bc07	2	0.5	lambdamart_mrfr_train_90_10_split_lm_ndcg_nofeat_random_state=0.json
12073	Q0	2f95dd9ffc40e0ee7ea55ba36359507d63a2ebea	3	0.333333	lambdamart_mrfr_train_90_10_split_lm_ndcg_nofeat_random_state=0.json
12073	Q0	717088d0a6e840f4375857588595d0802b73ec35	4	0.25	lambdamart_mrfr_train_90_10_split_lm_ndcg_nofeat_random_state=0.json
12073	Q0	c5fab88c2b128bfba9ac4c6197e19bc9e4e6b2a3	5	0.2	lambdamart_mrfr_train_90_10_split_lm_ndcg_nofeat_random_state=0.json
12073	Q0	04bad5b7d0bb50b53c08a8ca2fb74350d93e153c	6	0.166667	lambdamart_mrfr_train_90_10_split_lm_ndcg_nofeat_random_state=0.json
12073	Q0	a3f9dcf7170105ce1e39a63ae99f7334ecaf3182	7	0.142857	lambdamart_mrfr_train_90_10_split_lm_ndcg_nofeat_random_state=0.json
12073	Q0	e14f887b14ee3ac4ef4da84d2b696ef7d5dce650	8	0.125	lambdamart_mrfr_train_90_10_split_lm_ndcg_nofeat_random_state=0.json
12073	Q0	3d614a0da2dc71c4068f8e9bcc32067959b8e00f	9	0.111111	lambdamart_mrfr_train_90_10_split_lm_ndcg_nofeat_random_state=0.json
12073	Q0	e3d9fccc965a5317d7f605732ca27be69386636d	10	0.1	lambdamart_mrfr_train_90_10_split_lm_ndcg_nofeat_random_state=0.json
12073	Q0	a9a64bf564114b8ad49a722d85104eadb5e587ad	11	0.090909	lambdamart_mrfr_train_90_10_split_lm_ndcg_nofeat_random_state=0.json
12073	Q0	effc4dcd3850ef15fca45e628197eb4c011b0ae1	12	0.083333	lambdamart_mrfr_train_90_10_split_lm_ndcg_nofeat_random_state=0.json
12073	Q0	ba66ca44721b80f9dd2bd7d675150d722264dbf2	13	0.076923	lambdamart_mrfr_train_90_10_split_lm_ndcg_nofeat_random_state=0.json
12073	Q0	08f4b3d292d801878ec3b0445e35ef4ad8c5193e	14	0.071429	lambdamart_mrfr_train_90_10_split_lm_ndcg_nofeat_random_state=0.json
12073	Q0	bf446e6938366115fd958c0cf43eca2e70497706	15	0.066667	lambdamart_mrfr_train_90_10_split_lm_ndcg_nofeat_random_state=0.json
12073	Q0	4e0e35fb300d5cd256aa5211f0cfc559eedd9957	16	0.0625	lambdamart_mrfr_train_90_10_split_lm_ndcg_nofeat_random_state=0.json
12073	Q0	8334919584cd6ae64869c68a34d73c27f9b02dbe	17	0.058824	lambdamart_mrfr_train_90_10_split_lm_ndcg_nofeat_random_state=0.json
12073	Q0	65aadf99f4bb5948164f65a99d46d1fafc74e158	18	0.055556	lambdamart_mrfr_train_90_10_split_lm_ndcg_nofeat_random_state=0.json
12073	Q0	dc594e93ad936172e28f1e776228bb50406efa06	19	0.052632	lambdamart_mrfr_train_90_10_split_lm_ndcg_nofeat_random_state=0.json
12073	Q0	a4ca8d3a6e4815d67ea247ec0badbe92fa6a8a17	20	0.05	lambdamart_mrfr_train_90_10_split_lm_ndcg_nofeat_random_state=0.json
12073	Q0	33f1a8d9f516c736eddfa292d922774220cb8bd6	21	0.047619	lambdamart_mrfr_train_90_10_split_lm_ndcg_nofeat_random_state=0.json
12073	Q0	b800b510b64446455c5a9567b133c57ba3ac1437	22	0.045455	lambdamart_mrfr_train_90_10_split_lm_ndcg_nofeat_random_state=0.json
12073	Q0	d3b7cd0ff783e64f24175b3023bd88fb3502763d	23	0.043478	lambdamart_mrfr_train_90_10_split_lm_ndcg_nofeat_random_state=0.json
12073	Q0	d9b3fa2627813fe92323a7a8d25cd12e4197ead6	24	0.041667	lambdamart_mrfr_train_90_10_split_lm_ndcg_nofeat_random_state=0.json
12073	Q0	1e363d4c1526f1d4b5c5a6b1ffc4182a47a651c8	25	0.04	lambdamart_mrfr_train_90_10_split_lm_ndcg_nofeat_random_state=0.json
12073	Q0	81f6442e50890b990598e637a44b2d8d10329710	26	0.038462	lambdamart_mrfr_train_90_10_split_lm_ndcg_nofeat_random_state=0.json
12073	Q0	600b2f9b556295cba4db856f917824e46da6e338	27	0.037037	lambdamart_mrfr_train_90_10_split_lm_ndcg_nofeat_random_state=0.json
12073	Q0	28fe6a3fab2f2097a6f9aac5ae9799577badf883	28	0.035714	lambdamart_mrfr_train_90_10_split_lm_ndcg_nofeat_random_state=0.json
12073	Q0	40efe7bc5d7d0e1ca5638323682c7993f4195620	29	0.034483	lambdamart_mrfr_train_90_10_split_lm_ndcg_nofeat_random_state=0.json
12073	Q0	8b28194acc5d5d7c2161e4fc73198b70bebf4a3d	30	0.033333	lambdamart_mrfr_train_90_10_split_lm_ndcg_nofeat_random_state=0.json
12073	Q0	9577b311f8887262dac10a7e6eb9a4dd2a37d24b	31	0.032258	lambdamart_mrfr_train_90_10_split_lm_ndcg_nofeat_random_state=0.json
12073	Q0	aa245959d84734f92d1e8f179417eb7226868e62	32	0.03125	lambdamart_mrfr_train_90_10_split_lm_ndcg_nofeat_random_state=0.json
12073	Q0	ebfc96d215389f1f284c1e51d20473fd935d6448	33	0.030303	lambdamart_mrfr_train_90_10_split_lm_ndcg_nofeat_random_state=0.json
12073	Q0	4da704492963958f3242ce4553786195d427c41f	34	0.029412	lambdamart_mrfr_train_90_10_split_lm_ndcg_nofeat_random_state=0.json
12073	Q0	68326bac65d7d93a758bf1b302097cdd550adfe7	35	0.028571	lambdamart_mrfr_train_90_10_split_lm_ndcg_nofeat_random_state=0.json
12073	Q0	ac53687795aea4a0f22dc28096b686ab2d225baf	36	0.027778	lambdamart_mrfr_train_90_10_split_lm_ndcg_nofeat_random_state=0.json
12073	Q0	0dbabbae7c61703536208468ac71c53c69766928	37	0.027027	lambdamart_mrfr_train_90_10_split_lm_ndcg_nofeat_random_state=0.json
12073	Q0	5202b6fff2b27d090ee731ac8de69447af39f331	38	0.026316	lambdamart_mrfr_train_90_10_split_lm_ndcg_nofeat_random_state=0.json
12073	Q0	b617339c7a62e0874a912b05f3214567f4f0e5c7	39	0.025641	lambdamart_mrfr_train_90_10_split_lm_ndcg_nofeat_random_state=0.json
12073	Q0	e56890a2b8fd88c6ae4e0e5ae359935d74033cc8	40	0.025	lambdamart_mrfr_train_90_10_split_lm_ndcg_nofeat_random_state=0.json
12073	Q0	f48341821c5ce38272fb01ae4f43d12c2486901d	41	0.02439	lambdamart_mrfr_train_90_10_split_lm_ndcg_nofeat_random_state=0.json
12073	Q0	72c4d8b64a9959ea45677ca1955d3491ef0f1c62	42	0.02381	lambdamart_mrfr_train_90_10_split_lm_ndcg_nofeat_random_state=0.json
54003	Q0	e3c4eb70e447d12308e32f3b01aefb12c31d3436	1	1.0	lambdamart_mrfr_train_90_10_split_lm_ndcg_nofeat_random_state=0.json
54003	Q0	752ebeff241d9412b337a91726585c1d0d20abd6	2	0.5	lambdamart_mrfr_train_90_10_split_lm_ndcg_nofeat_random_state=0.json
54003	Q0	ac073aad573ef9ca951d7f494d558ff9d2c0618f	3	0.333333	lambdamart_mrfr_train_90_10_split_lm_ndcg_nofeat_random_state=0.json
54003	Q0	f6d0c86e407ef0dfdd3de1ae675999e05ef46cfd	4	0.25	lambdamart_mrfr_train_90_10_split_lm_ndcg_nofeat_random_state=0.json
54003	Q0	01b96c0608e3608017f7024f833d758d80ee2141	5	0.2	lambdamart_mrfr_train_90_10_split_lm_ndcg_nofeat_random_state=0.json
54003	Q0	f098b954118322937fbeab72167316c6487bd532	6	0.166667	lambdamart_mrfr_train_90_10_split_lm_ndcg_nofeat_random_state=0.json
54003	Q0	cb5c8551f3da94fed52008243732ed4bbf4dc286	7	0.142857	lambdamart_mrfr_train_90_10_split_lm_ndcg_nofeat_random_state=0.json
54003	Q0	fa04d8f27007cd5ce58071792b0e6db099f1c239	8	0.125	lambdamart_mrfr_train_90_10_split_lm_ndcg_nofeat_random_state=0.json
54003	Q0	ee4b17775ef5eb4cb249d538d6398105fb95ba8c	9	0.111111	lambdamart_mrfr_train_90_10_split_lm_ndcg_nofeat_random_state=0.json
54003	Q0	7afe176bcc6837cd312e6c65f62369929dae60c1	10	0.1	lambdamart_mrfr_train_90_10_split_lm_ndcg_nofeat_random_state=0.json
54003	Q0	25df388cb0718f4fdcf6ccb7f790408b12af0658	11	0.090909	lambdamart_mrfr_train_90_10_split_lm_ndcg_nofeat_random_state=0.json
54003	Q0	463be6db0487c1215bfa2896d3d636eac2a6ce34	12	0.083333	lambdamart_mrfr_train_90_10_split_lm_ndcg_nofeat_random_state=0.json
30631	Q0	79ddbeff892277592aa387045692e0a738ef9edf	1	1.0	lambdamart_mrfr_train_90_10_split_lm_ndcg_nofeat_random_state=0.json
30631	Q0	22edc9d8bb18253cdbb7905492c73387b4aee8c4	2	0.5	lambdamart_mrfr_train_90_10_split_lm_ndcg_nofeat_random_state=0.json
30631	Q0	1601e9f2bbf89f04f967a4f5f49d7adeca7f0719	3	0.333333	lambdamart_mrfr_train_90_10_split_lm_ndcg_nofeat_random_state=0.json
30631	Q0	32b9fbe02a36c08117122e3f99421faad46876db	4	0.25	lambdamart_mrfr_train_90_10_split_lm_ndcg_nofeat_random_state=0.json
30631	Q0	d511f3a98d460f7967dd490e34d664caac1529d1	5	0.2	lambdamart_mrfr_train_90_10_split_lm_ndcg_nofeat_random_state=0.json
30631	Q0	d6a00a2777afe09954d240b2b7bd6a6e2011e04b	6	0.166667	lambdamart_mrfr_train_90_10_split_lm_ndcg_nofeat_random_state=0.json
30631	Q0	70a462ada6a79125940a46d48e430fa938054819	7	0.142857	lambdamart_mrfr_train_90_10_split_lm_ndcg_nofeat_random_state=0.json
30631	Q0	ccaea944996c0935897cd6eb248d5f01367cd3c4	8	0.125	lambdamart_mrfr_train_90_10_split_lm_ndcg_nofeat_random_state=0.json
30631	Q0	c8b45c6052cbc388de67682ac02a185fc62ba815	9	0.111111	lambdamart_mrfr_train_90_10_split_lm_ndcg_nofeat_random_state=0.json
30631	Q0	1a854bfceb615249fd9c75f3f4491b0554e59c16	10	0.1	lambdamart_mrfr_train_90_10_split_lm_ndcg_nofeat_random_state=0.json
30631	Q0	3aebc8afc97439a26332526ba4c362771e332087	11	0.090909	lambdamart_mrfr_train_90_10_split_lm_ndcg_nofeat_random_state=0.json
30631	Q0	8cb3c7f7716217bd54a97f220f73dc07ef1220c4	12	0.083333	lambdamart_mrfr_train_90_10_split_lm_ndcg_nofeat_random_state=0.json
30631	Q0	3eda3b93c90dba68e1a8a50fa79d26155abd49db	13	0.076923	lambdamart_mrfr_train_90_10_split_lm_ndcg_nofeat_random_state=0.json
30631	Q0	00a407540a8bdd6d7425bd8a561eb21d69682511	14	0.071429	lambdamart_mrfr_train_90_10_split_lm_ndcg_nofeat_random_state=0.json
30631	Q0	ab609df01b35223d4c1ec4d6fe84cfe349ad608b	15	0.066667	lambdamart_mrfr_train_90_10_split_lm_ndcg_nofeat_random_state=0.json
30631	Q0	81b95e0483d32945aad0c09849f1a9b2022d59c4	16	0.0625	lambdamart_mrfr_train_90_10_split_lm_ndcg_nofeat_random_state=0.json
30631	Q0	0e43caeb9d476264d307e8da0ad71ecc4d804ced	17	0.058824	lambdamart_mrfr_train_90_10_split_lm_ndcg_nofeat_random_state=0.json
30631	Q0	4f7cebcc071e129d41df4766d1aed1c55e236311	18	0.055556	lambdamart_mrfr_train_90_10_split_lm_ndcg_nofeat_random_state=0.json
30631	Q0	943320b3c05a7aeace900e28d0c6d434804363b4	19	0.052632	lambdamart_mrfr_train_90_10_split_lm_ndcg_nofeat_random_state=0.json
30631	Q0	8d442ea1c14504e6e5676d82e78e1330c354731f	20	0.05	lambdamart_mrfr_train_90_10_split_lm_ndcg_nofeat_random_state=0.json
51432	Q0	27e0dcd372c11ba9a67c210e85125ce8e7cb7663	1	1.0	lambdamart_mrfr_train_90_10_split_lm_ndcg_nofeat_random_state=0.json
51432	Q0	19c7aa36737e55da3e1ad0a29bf0dd21bb8cbc9f	2	0.5	lambdamart_mrfr_train_90_10_split_lm_ndcg_nofeat_random_state=0.json
51432	Q0	9710a381fd9155e03efd88c2df3d7f0ecf2794a9	3	0.333333	lambdamart_mrfr_train_90_10_split_lm_ndcg_nofeat_random_state=0.json
51432	Q0	984585dedd6c3907063d04f94ac9c385be633641	4	0.25	lambdamart_mrfr_train_90_10_split_lm_ndcg_nofeat_random_state=0.json
51432	Q0	b59c510a14907e7fedf2ddcfd756d30086e634f4	5	0.2	lambdamart_mrfr_train_90_10_split_lm_ndcg_nofeat_random_state=0.json
51432	Q0	d247662d78f06e40b0a3f3470a7780025a6a1c62	6	0.166667	lambdamart_mrfr_train_90_10_split_lm_ndcg_nofeat_random_state=0.json
51432	Q0	f0549ac8da3a3b5873242eb44af3c9cb9ebc84a2	7	0.142857	lambdamart_mrfr_train_90_10_split_lm_ndcg_nofeat_random_state=0.json
51432	Q0	da83d41292b0357131bc70f6f6e94993103cd9e9	8	0.125	lambdamart_mrfr_train_90_10_split_lm_ndcg_nofeat_random_state=0.json
51432	Q0	2b9e08e9cb68aaee4c52be62d7826b7738507130	9	0.111111	lambdamart_mrfr_train_90_10_split_lm_ndcg_nofeat_random_state=0.json
51432	Q0	da56d0ec2a0b52e6581b4f288462549db873568f	10	0.1	lambdamart_mrfr_train_90_10_split_lm_ndcg_nofeat_random_state=0.json
51432	Q0	7e361bf375ebd1f14fa7f15bb5a2f2d4968c8407	11	0.090909	lambdamart_mrfr_train_90_10_split_lm_ndcg_nofeat_random_state=0.json
51432	Q0	ad5bc0b68485dbdfa95f9df4c433d02d33b6ab7c	12	0.083333	lambdamart_mrfr_train_90_10_split_lm_ndcg_nofeat_random_state=0.json
51432	Q0	190da84f8e52bbf53e66fe98ea5f0b4d4a0aec62	13	0.076923	lambdamart_mrfr_train_90_10_split_lm_ndcg_nofeat_random_state=0.json
51432	Q0	d1fadcb994e67399b10d9721c2cb86fae8a0f15f	14	0.071429	lambdamart_mrfr_train_90_10_split_lm_ndcg_nofeat_random_state=0.json
51432	Q0	00f1fe233881777c97ead8528324e7c807ef9dfc	15	0.066667	lambdamart_mrfr_train_90_10_split_lm_ndcg_nofeat_random_state=0.json
51432	Q0	bf3c811311babb0cfd45f335641649bf563112dd	16	0.0625	lambdamart_mrfr_train_90_10_split_lm_ndcg_nofeat_random_state=0.json
51432	Q0	c312b1424c9d25fd8ebd1f01a0c7fb6cba9e998f	17	0.058824	lambdamart_mrfr_train_90_10_split_lm_ndcg_nofeat_random_state=0.json
51432	Q0	55d484c6fcc6fa00bdfe3dc8d579b870ad248f2e	18	0.055556	lambdamart_mrfr_train_90_10_split_lm_ndcg_nofeat_random_state=0.json
51432	Q0	bd69676ffba4e47cb3dfbac57583f633ac3b1b1c	19	0.052632	lambdamart_mrfr_train_90_10_split_lm_ndcg_nofeat_random_state=0.json
51432	Q0	4b0d321b796d2ed4705617be64d8c70a4653704f	20	0.05	lambdamart_mrfr_train_90_10_split_lm_ndcg_nofeat_random_state=0.json
51432	Q0	030a0f9d97c9e2a5099723bcc9e74c34e7a95945	21	0.047619	lambdamart_mrfr_train_90_10_split_lm_ndcg_nofeat_random_state=0.json
51432	Q0	f261cc302c77000a74fd18265d40bb939fbcdd73	22	0.045455	lambdamart_mrfr_train_90_10_split_lm_ndcg_nofeat_random_state=0.json
51432	Q0	d6a33f833bb0fb3204da2c2f34282a436d0f6d0e	23	0.043478	lambdamart_mrfr_train_90_10_split_lm_ndcg_nofeat_random_state=0.json
51432	Q0	9a80ec16880ae43dc20c792ea3734862d85ba4d7	24	0.041667	lambdamart_mrfr_train_90_10_split_lm_ndcg_nofeat_random_state=0.json
51432	Q0	475f3bfbe3620f041051eda6cebdef5cf01ec41d	25	0.04	lambdamart_mrfr_train_90_10_split_lm_ndcg_nofeat_random_state=0.json
51432	Q0	acf1073a9693ebd3c85c3f782774cdc15c1de290	26	0.038462	lambdamart_mrfr_train_90_10_split_lm_ndcg_nofeat_random_state=0.json
51432	Q0	ba0a2237fabd15b63d5408cfc2acc6fb53698042	27	0.037037	lambdamart_mrfr_train_90_10_split_lm_ndcg_nofeat_random_state=0.json
51432	Q0	38950c0666341be0da01c05dc21fa6e02fb747e0	28	0.035714	lambdamart_mrfr_train_90_10_split_lm_ndcg_nofeat_random_state=0.json
51432	Q0	41a441ce0081c8a829a982dc19c60131bfbde046	29	0.034483	lambdamart_mrfr_train_90_10_split_lm_ndcg_nofeat_random_state=0.json
51432	Q0	022fefc586dc4245aa714419a0d6b16ceff5afc3	30	0.033333	lambdamart_mrfr_train_90_10_split_lm_ndcg_nofeat_random_state=0.json
51432	Q0	b61edf6d800e8e4f9285f0fb3707938ce9c03661	31	0.032258	lambdamart_mrfr_train_90_10_split_lm_ndcg_nofeat_random_state=0.json
51432	Q0	3ef14b5d72a802267a35beefc2e6f67b0d8a0805	32	0.03125	lambdamart_mrfr_train_90_10_split_lm_ndcg_nofeat_random_state=0.json
51432	Q0	3ae06b21b40cffa07ac1e92e0c453aa835f8a70b	33	0.030303	lambdamart_mrfr_train_90_10_split_lm_ndcg_nofeat_random_state=0.json
51432	Q0	8f74f5623c4e5c5931641a264cfd7c02097e1e22	34	0.029412	lambdamart_mrfr_train_90_10_split_lm_ndcg_nofeat_random_state=0.json
51432	Q0	7a0e5002fbf02965b30c50540eabcaf6e2117e10	35	0.028571	lambdamart_mrfr_train_90_10_split_lm_ndcg_nofeat_random_state=0.json
51432	Q0	7221c40e8e710365d8f6996e0d64f2ec1d74da8e	36	0.027778	lambdamart_mrfr_train_90_10_split_lm_ndcg_nofeat_random_state=0.json
51432	Q0	05e8b2c50ca856149f323fdde0f730878feff075	37	0.027027	lambdamart_mrfr_train_90_10_split_lm_ndcg_nofeat_random_state=0.json
51432	Q0	6c0b6846290636dbcd66e9ee3eed2aee1b164261	38	0.026316	lambdamart_mrfr_train_90_10_split_lm_ndcg_nofeat_random_state=0.json
51432	Q0	27e19d241b9e370cf0486af1e1ebc85ef72a04a2	39	0.025641	lambdamart_mrfr_train_90_10_split_lm_ndcg_nofeat_random_state=0.json
51432	Q0	693914b7f38c19585e35668fd626aecf62d4c5e7	40	0.025	lambdamart_mrfr_train_90_10_split_lm_ndcg_nofeat_random_state=0.json
51432	Q0	a3124650908b88c9b2e03b0add30464ef77c11ce	41	0.02439	lambdamart_mrfr_train_90_10_split_lm_ndcg_nofeat_random_state=0.json
51432	Q0	e4e35f7150db8c3828dd6089c6dc0dc7f0b56bdd	42	0.02381	lambdamart_mrfr_train_90_10_split_lm_ndcg_nofeat_random_state=0.json
51432	Q0	bc34c28ee40356b4d7bbe7be7d173a2436a89688	43	0.023256	lambdamart_mrfr_train_90_10_split_lm_ndcg_nofeat_random_state=0.json
51432	Q0	68d92a1f3d92536c50732ff19bc3dd0e9ac5e936	44	0.022727	lambdamart_mrfr_train_90_10_split_lm_ndcg_nofeat_random_state=0.json
51432	Q0	8349795bdda165b75f66832259ddf8e4966fffe7	45	0.022222	lambdamart_mrfr_train_90_10_split_lm_ndcg_nofeat_random_state=0.json
51432	Q0	96d204033af987ff494c6aa1ac18b09c54c4e117	46	0.021739	lambdamart_mrfr_train_90_10_split_lm_ndcg_nofeat_random_state=0.json
51432	Q0	270fc91b1f552be417ac63d3e1ec40ff4ba75059	47	0.021277	lambdamart_mrfr_train_90_10_split_lm_ndcg_nofeat_random_state=0.json
51432	Q0	42afb665ccceb331c817c85ab6f5ea4ac71a8057	48	0.020833	lambdamart_mrfr_train_90_10_split_lm_ndcg_nofeat_random_state=0.json
51432	Q0	527f5f6a533fe9b126d650c000aa328bcf1471e1	49	0.020408	lambdamart_mrfr_train_90_10_split_lm_ndcg_nofeat_random_state=0.json
51432	Q0	d0c882bcae6531fa13e75bcc5c297b9985f207f7	50	0.02	lambdamart_mrfr_train_90_10_split_lm_ndcg_nofeat_random_state=0.json
51432	Q0	c1c74829d6430d468a1fe1f75eae217325253baf	51	0.019608	lambdamart_mrfr_train_90_10_split_lm_ndcg_nofeat_random_state=0.json
27887	Q0	cf07caaea75ca856cd134efb1fe779cf843c705d	1	1.0	lambdamart_mrfr_train_90_10_split_lm_ndcg_nofeat_random_state=0.json
27887	Q0	9b6933afed989da0b63f29d92e26b00e7fd6f67b	2	0.5	lambdamart_mrfr_train_90_10_split_lm_ndcg_nofeat_random_state=0.json
27887	Q0	10125cf897aeacdbf832e4151d601bc6d01efc5d	3	0.333333	lambdamart_mrfr_train_90_10_split_lm_ndcg_nofeat_random_state=0.json
27887	Q0	103ef183269304e7098f8b292bf0cdea08f3f1a6	4	0.25	lambdamart_mrfr_train_90_10_split_lm_ndcg_nofeat_random_state=0.json
27887	Q0	2423ea8cf66765d79363988086bf0f6066a13872	5	0.2	lambdamart_mrfr_train_90_10_split_lm_ndcg_nofeat_random_state=0.json
27887	Q0	41611ed18848a762e9213f687fda6610b867911e	6	0.166667	lambdamart_mrfr_train_90_10_split_lm_ndcg_nofeat_random_state=0.json
27887	Q0	e541ad97e2774225767e531268c926effe1ff48b	7	0.142857	lambdamart_mrfr_train_90_10_split_lm_ndcg_nofeat_random_state=0.json
27887	Q0	b853137f816585a52fa58144fd2fc4379e7457a8	8	0.125	lambdamart_mrfr_train_90_10_split_lm_ndcg_nofeat_random_state=0.json
27887	Q0	ebf187757be5efd3573927fcb32f531611b78922	9	0.111111	lambdamart_mrfr_train_90_10_split_lm_ndcg_nofeat_random_state=0.json
27887	Q0	743bc46f3db60cdbb461f455f5f55ea525155efd	10	0.1	lambdamart_mrfr_train_90_10_split_lm_ndcg_nofeat_random_state=0.json
27887	Q0	e1ed40d9468b840f12c4b36ba31b085a27d0db70	11	0.090909	lambdamart_mrfr_train_90_10_split_lm_ndcg_nofeat_random_state=0.json
27887	Q0	9af4c179704617b8141f6099a01c908cc6def4d9	12	0.083333	lambdamart_mrfr_train_90_10_split_lm_ndcg_nofeat_random_state=0.json
27887	Q0	db8bc3a55ba2d20c104ce640cb831c100d0cca56	13	0.076923	lambdamart_mrfr_train_90_10_split_lm_ndcg_nofeat_random_state=0.json
27887	Q0	acb74e2bdcb60ac1b62d41d0b172afe5f0ab8e36	14	0.071429	lambdamart_mrfr_train_90_10_split_lm_ndcg_nofeat_random_state=0.json
27887	Q0	14187497d25732666bd05185037f6048fc5fef8c	15	0.066667	lambdamart_mrfr_train_90_10_split_lm_ndcg_nofeat_random_state=0.json
27887	Q0	d02256277cd349c75ba40ba5bd370ec43099c7b0	16	0.0625	lambdamart_mrfr_train_90_10_split_lm_ndcg_nofeat_random_state=0.json
27887	Q0	36b12792a25712f4a7aa578360a6d89fffad0cea	17	0.058824	lambdamart_mrfr_train_90_10_split_lm_ndcg_nofeat_random_state=0.json
27887	Q0	62c9dea87b649020f927870553d183e3e4cd373a	18	0.055556	lambdamart_mrfr_train_90_10_split_lm_ndcg_nofeat_random_state=0.json
27887	Q0	f7c1314b6e82a5b95b0f82f83dd8e9117ba9d412	19	0.052632	lambdamart_mrfr_train_90_10_split_lm_ndcg_nofeat_random_state=0.json
27887	Q0	dac513bd359b63003bc7f09e2bf14c58cabf0e90	20	0.05	lambdamart_mrfr_train_90_10_split_lm_ndcg_nofeat_random_state=0.json
27887	Q0	9495c1fac28d48e2b56c74624aab3af1ebf677f4	21	0.047619	lambdamart_mrfr_train_90_10_split_lm_ndcg_nofeat_random_state=0.json
27887	Q0	ec6c798fe29519e9d1783cc6a7e1243ce131c466	22	0.045455	lambdamart_mrfr_train_90_10_split_lm_ndcg_nofeat_random_state=0.json
27887	Q0	bbab30c44043235190726a7b0796d66df69cc84b	23	0.043478	lambdamart_mrfr_train_90_10_split_lm_ndcg_nofeat_random_state=0.json
27887	Q0	7321be34ca330fa8eaeb070286922684003a3a04	24	0.041667	lambdamart_mrfr_train_90_10_split_lm_ndcg_nofeat_random_state=0.json
27887	Q0	50a80b9f8b90a4bdea6d8c71009c35dc0acedd85	25	0.04	lambdamart_mrfr_train_90_10_split_lm_ndcg_nofeat_random_state=0.json
27887	Q0	71a58909b1c74485447d8d5679cff70c21d3ad3d	26	0.038462	lambdamart_mrfr_train_90_10_split_lm_ndcg_nofeat_random_state=0.json
27887	Q0	56349aed8de5de494ca19ee6963bbb25c1a11cfb	27	0.037037	lambdamart_mrfr_train_90_10_split_lm_ndcg_nofeat_random_state=0.json
27887	Q0	7ad326c62a67c49df37ee0ba92c98f1cca5a068b	28	0.035714	lambdamart_mrfr_train_90_10_split_lm_ndcg_nofeat_random_state=0.json
27887	Q0	6c79d08cda2c2c5b08c583f423e9685433eca5c3	29	0.034483	lambdamart_mrfr_train_90_10_split_lm_ndcg_nofeat_random_state=0.json
27887	Q0	9e4217ec00d0e097fe824d205d3fe8f79e423325	30	0.033333	lambdamart_mrfr_train_90_10_split_lm_ndcg_nofeat_random_state=0.json
27887	Q0	1d1ab0f586eadfa1054be723d58f6cef2fba0e6d	31	0.032258	lambdamart_mrfr_train_90_10_split_lm_ndcg_nofeat_random_state=0.json
27887	Q0	0d45b14058cb6111dedc89587347106ec9308229	32	0.03125	lambdamart_mrfr_train_90_10_split_lm_ndcg_nofeat_random_state=0.json
27887	Q0	4b77fec43a86a92bf4093fffdd1038699eb07a19	33	0.030303	lambdamart_mrfr_train_90_10_split_lm_ndcg_nofeat_random_state=0.json
27887	Q0	f984098c3725ce9325812705614d46e8e0a270c6	34	0.029412	lambdamart_mrfr_train_90_10_split_lm_ndcg_nofeat_random_state=0.json
27887	Q0	2001acc8ab72f8f40dab07e5a76d414fe748a90b	35	0.028571	lambdamart_mrfr_train_90_10_split_lm_ndcg_nofeat_random_state=0.json
27887	Q0	128240ef2451949d4de75f1f3d33fd73f396ad82	36	0.027778	lambdamart_mrfr_train_90_10_split_lm_ndcg_nofeat_random_state=0.json
27887	Q0	d253458401932876e55c3a2a7cb7718e57dd8160	37	0.027027	lambdamart_mrfr_train_90_10_split_lm_ndcg_nofeat_random_state=0.json
27887	Q0	35e87d3aa8eabaa910a0c1d172600823b15b691d	38	0.026316	lambdamart_mrfr_train_90_10_split_lm_ndcg_nofeat_random_state=0.json
27887	Q0	45f34e166883427eab85964fb3ef74277109bd18	39	0.025641	lambdamart_mrfr_train_90_10_split_lm_ndcg_nofeat_random_state=0.json
27887	Q0	eae56ca9cb5fa101186fa9db88ba8b49fb9ff80c	40	0.025	lambdamart_mrfr_train_90_10_split_lm_ndcg_nofeat_random_state=0.json
27887	Q0	d99624cb388078f2c23ee5385a2a502e2dce5a9a	41	0.02439	lambdamart_mrfr_train_90_10_split_lm_ndcg_nofeat_random_state=0.json
27887	Q0	88228be96774ec5cf3757296c7238a6efbd91598	42	0.02381	lambdamart_mrfr_train_90_10_split_lm_ndcg_nofeat_random_state=0.json
27887	Q0	0f182f13505232aa795e0c172130ab4641a3624b	43	0.023256	lambdamart_mrfr_train_90_10_split_lm_ndcg_nofeat_random_state=0.json
27887	Q0	08bc4a6803f02afe0f883108c52a95e1672d1606	44	0.022727	lambdamart_mrfr_train_90_10_split_lm_ndcg_nofeat_random_state=0.json
27887	Q0	e2d9139e258292c3d2e9c50ebb5a92f7ce65a1ec	45	0.022222	lambdamart_mrfr_train_90_10_split_lm_ndcg_nofeat_random_state=0.json
27887	Q0	cd370266185b0a12e8980730216657557a2f4ff4	46	0.021739	lambdamart_mrfr_train_90_10_split_lm_ndcg_nofeat_random_state=0.json
27887	Q0	47685733620c7ea8c039aa0470be7bc1c951d409	47	0.021277	lambdamart_mrfr_train_90_10_split_lm_ndcg_nofeat_random_state=0.json
27887	Q0	c1de181591cfee4e40b4d4c901fca522ecc0882a	48	0.020833	lambdamart_mrfr_train_90_10_split_lm_ndcg_nofeat_random_state=0.json
27887	Q0	6426c1444b4b397982ae1b8782dba53ad662fbeb	49	0.020408	lambdamart_mrfr_train_90_10_split_lm_ndcg_nofeat_random_state=0.json
27887	Q0	2119d54499a477808a9549119da7d79520e61c61	50	0.02	lambdamart_mrfr_train_90_10_split_lm_ndcg_nofeat_random_state=0.json
27887	Q0	0505e4c09b9ec78023eac58f8b4a78fcc3ebed75	51	0.019608	lambdamart_mrfr_train_90_10_split_lm_ndcg_nofeat_random_state=0.json
27887	Q0	f56a4e7e9cd1ac1e9d7c7a74cdd965f12e97b113	52	0.019231	lambdamart_mrfr_train_90_10_split_lm_ndcg_nofeat_random_state=0.json
27887	Q0	63b58f3f00dcd7a8d53da6d531777524ec440682	53	0.018868	lambdamart_mrfr_train_90_10_split_lm_ndcg_nofeat_random_state=0.json
27887	Q0	41d2315d2eec9be88f5d95f149607b1e6c1c7a63	54	0.018519	lambdamart_mrfr_train_90_10_split_lm_ndcg_nofeat_random_state=0.json
27887	Q0	d7c3098f185b67cd249b270544058a1b159653f8	55	0.018182	lambdamart_mrfr_train_90_10_split_lm_ndcg_nofeat_random_state=0.json
27887	Q0	d630d73949395c5263b5dd383cb38311a44ebed3	56	0.017857	lambdamart_mrfr_train_90_10_split_lm_ndcg_nofeat_random_state=0.json
27887	Q0	f2738370b8cd9d9a62d35d786db76e1ae4b7e35b	57	0.017544	lambdamart_mrfr_train_90_10_split_lm_ndcg_nofeat_random_state=0.json
27887	Q0	def06017f8bc11871ac7530a6fcbfe26fc4c2803	58	0.017241	lambdamart_mrfr_train_90_10_split_lm_ndcg_nofeat_random_state=0.json
27887	Q0	a3a9ff7aa869a9e91ea507f3e7ec272378f1801d	59	0.016949	lambdamart_mrfr_train_90_10_split_lm_ndcg_nofeat_random_state=0.json
27887	Q0	62c8fd49a223ea0b0f8c036fa5d21282fb15544f	60	0.016667	lambdamart_mrfr_train_90_10_split_lm_ndcg_nofeat_random_state=0.json
12828	Q0	3b29ec2c0e9de927f80feeeb5337a832ee6cd3b6	1	1.0	lambdamart_mrfr_train_90_10_split_lm_ndcg_nofeat_random_state=0.json
12828	Q0	bcf4bb3fb3dd383d2343eea16db430837c1ffab2	2	0.5	lambdamart_mrfr_train_90_10_split_lm_ndcg_nofeat_random_state=0.json
12828	Q0	a224d37a6023762fe465fd56e9c6ed00423a2930	3	0.333333	lambdamart_mrfr_train_90_10_split_lm_ndcg_nofeat_random_state=0.json
12828	Q0	066e50b8bb96cc223327cfdcf3c444cbffa62ceb	4	0.25	lambdamart_mrfr_train_90_10_split_lm_ndcg_nofeat_random_state=0.json
12828	Q0	f0206b8800f0f22c26d4af0112adb80f31d6fafb	5	0.2	lambdamart_mrfr_train_90_10_split_lm_ndcg_nofeat_random_state=0.json
12828	Q0	266b0f7ccf2e34572ac9510d76f51c3abd91cc0d	6	0.166667	lambdamart_mrfr_train_90_10_split_lm_ndcg_nofeat_random_state=0.json
12828	Q0	398fc22f908a0af6c8d3d5e328a6092aab304d08	7	0.142857	lambdamart_mrfr_train_90_10_split_lm_ndcg_nofeat_random_state=0.json
12828	Q0	38053991fb0eef895330f082556da9cfcf2388d6	8	0.125	lambdamart_mrfr_train_90_10_split_lm_ndcg_nofeat_random_state=0.json
12828	Q0	927cc14b1c65106c40a5e162ec55f867f33089d3	9	0.111111	lambdamart_mrfr_train_90_10_split_lm_ndcg_nofeat_random_state=0.json
12828	Q0	fa9ba8c564465f5ecb3ea05c620ce0ca005d10ae	10	0.1	lambdamart_mrfr_train_90_10_split_lm_ndcg_nofeat_random_state=0.json
12828	Q0	8e787e925eeb7ad735a228b2b1e8dd6d9620be83	11	0.090909	lambdamart_mrfr_train_90_10_split_lm_ndcg_nofeat_random_state=0.json
12828	Q0	da4c40a9cf24ee94e2bd142013f3db6480c05265	12	0.083333	lambdamart_mrfr_train_90_10_split_lm_ndcg_nofeat_random_state=0.json
70673	Q0	d95bd61022833056668206bfc9f5a36cc46700b1	1	1.0	lambdamart_mrfr_train_90_10_split_lm_ndcg_nofeat_random_state=0.json
70673	Q0	0c0ae7eabf9c40b0d65ad287bcf03a967567c5c8	2	0.5	lambdamart_mrfr_train_90_10_split_lm_ndcg_nofeat_random_state=0.json
70673	Q0	03e053a5236f33f2999dbee6dee0a7c06844580d	3	0.333333	lambdamart_mrfr_train_90_10_split_lm_ndcg_nofeat_random_state=0.json
70673	Q0	09e8d148ddad376533a51eda4a5637c9cb877b21	4	0.25	lambdamart_mrfr_train_90_10_split_lm_ndcg_nofeat_random_state=0.json
70673	Q0	b925e51a867c5c5e6593f809141af7b920c49acc	5	0.2	lambdamart_mrfr_train_90_10_split_lm_ndcg_nofeat_random_state=0.json
70673	Q0	5f4862ffb96c5b27a37a6ced7fe54459ce6e6fd8	6	0.166667	lambdamart_mrfr_train_90_10_split_lm_ndcg_nofeat_random_state=0.json
70673	Q0	ff34aae078f721ca36ec413441edf07152b8bb3a	7	0.142857	lambdamart_mrfr_train_90_10_split_lm_ndcg_nofeat_random_state=0.json
70673	Q0	9fff83d91c4697545b727c806cf205d38c9d95ab	8	0.125	lambdamart_mrfr_train_90_10_split_lm_ndcg_nofeat_random_state=0.json
70673	Q0	0d39194f121d7d68cabf3294087771abc16147d2	9	0.111111	lambdamart_mrfr_train_90_10_split_lm_ndcg_nofeat_random_state=0.json
70673	Q0	f2a5583a742cd9f50b1b839fa3eda08a2fd1d511	10	0.1	lambdamart_mrfr_train_90_10_split_lm_ndcg_nofeat_random_state=0.json
70673	Q0	f4980910826e31518865a3a458bfef82d7147796	11	0.090909	lambdamart_mrfr_train_90_10_split_lm_ndcg_nofeat_random_state=0.json
70673	Q0	e9a83928e4254de05bba63645495e2a6caa489bd	12	0.083333	lambdamart_mrfr_train_90_10_split_lm_ndcg_nofeat_random_state=0.json
70673	Q0	74ab9a06611145658e9a43c07cb6983c4e8ceb87	13	0.076923	lambdamart_mrfr_train_90_10_split_lm_ndcg_nofeat_random_state=0.json
70673	Q0	b218729fcc3183cff899d0ef1fc9407bc547096f	14	0.071429	lambdamart_mrfr_train_90_10_split_lm_ndcg_nofeat_random_state=0.json
70673	Q0	a54ff927b6417b2330bf6bb4e676d0698bb820d9	15	0.066667	lambdamart_mrfr_train_90_10_split_lm_ndcg_nofeat_random_state=0.json
70673	Q0	f7fc332d0e21691a13ad0fff6c0a8ee05b6c21e2	16	0.0625	lambdamart_mrfr_train_90_10_split_lm_ndcg_nofeat_random_state=0.json
70673	Q0	7a10a4f334fd2881871c9cdd10d53b8968d479d6	17	0.058824	lambdamart_mrfr_train_90_10_split_lm_ndcg_nofeat_random_state=0.json
8940	Q0	70b187ac64e899219660684f25f1df1c78497ab8	1	1.0	lambdamart_mrfr_train_90_10_split_lm_ndcg_nofeat_random_state=0.json
8940	Q0	cd3986ad19bcd24824a579486b4e550ad69faaa5	2	0.5	lambdamart_mrfr_train_90_10_split_lm_ndcg_nofeat_random_state=0.json
8940	Q0	24446ed4c3d12341406b213e58136ad54c706d69	3	0.333333	lambdamart_mrfr_train_90_10_split_lm_ndcg_nofeat_random_state=0.json
8940	Q0	d107cac2c5e0c850221f22a72e66c1044e57b4a2	4	0.25	lambdamart_mrfr_train_90_10_split_lm_ndcg_nofeat_random_state=0.json
8940	Q0	b0c4f3d96ad476d1e4f377074cd5414973d3cd92	5	0.2	lambdamart_mrfr_train_90_10_split_lm_ndcg_nofeat_random_state=0.json
8940	Q0	7838d046f296235cb0bbab0a190d539e8debb25a	6	0.166667	lambdamart_mrfr_train_90_10_split_lm_ndcg_nofeat_random_state=0.json
8940	Q0	5e3eb22c476b889eecbb380d012231d819edf156	7	0.142857	lambdamart_mrfr_train_90_10_split_lm_ndcg_nofeat_random_state=0.json
8940	Q0	8fd7e9feebd78234f972d2ba39002ea1d8b01cae	8	0.125	lambdamart_mrfr_train_90_10_split_lm_ndcg_nofeat_random_state=0.json
8940	Q0	d774b8b767eb53873e0dd0ea4bfaa7744fabcb31	9	0.111111	lambdamart_mrfr_train_90_10_split_lm_ndcg_nofeat_random_state=0.json
8940	Q0	17a3a7735cafe32d337e7b8ed17dfa4ff0f09680	10	0.1	lambdamart_mrfr_train_90_10_split_lm_ndcg_nofeat_random_state=0.json
8940	Q0	ac4d84dd5f4b9e2afc0c0d825d6c39d34ff9d15d	11	0.090909	lambdamart_mrfr_train_90_10_split_lm_ndcg_nofeat_random_state=0.json
120668	Q0	74d4924e354f6d0475079c9a41db043ca4601060	1	1.0	lambdamart_mrfr_train_90_10_split_lm_ndcg_nofeat_random_state=0.json
120668	Q0	a5d2eb6aca7180f3e61e277580a0d174583e17e2	2	0.5	lambdamart_mrfr_train_90_10_split_lm_ndcg_nofeat_random_state=0.json
120668	Q0	d53c823880401294c2d1f17354604d1cbda74b19	3	0.333333	lambdamart_mrfr_train_90_10_split_lm_ndcg_nofeat_random_state=0.json
120668	Q0	2ad80d7ca4223b0ab3a87a7d54a93ba561e3a6bc	4	0.25	lambdamart_mrfr_train_90_10_split_lm_ndcg_nofeat_random_state=0.json
120668	Q0	a041cf227a15488c2f9b74f912ddabfd62dff0d0	5	0.2	lambdamart_mrfr_train_90_10_split_lm_ndcg_nofeat_random_state=0.json
120668	Q0	66d65556719988fb32556a7f6b618b6b208b1de0	6	0.166667	lambdamart_mrfr_train_90_10_split_lm_ndcg_nofeat_random_state=0.json
120668	Q0	92652158bc3541323444b91f7db9f1b1fbe942af	7	0.142857	lambdamart_mrfr_train_90_10_split_lm_ndcg_nofeat_random_state=0.json
120668	Q0	6abd7224bfca7b9414a864f0188697664c7d83c6	8	0.125	lambdamart_mrfr_train_90_10_split_lm_ndcg_nofeat_random_state=0.json
120668	Q0	01695288cbdb15f7db0ecb48d49a579ec49ea9ec	9	0.111111	lambdamart_mrfr_train_90_10_split_lm_ndcg_nofeat_random_state=0.json
120668	Q0	6f61281106436b9df88a327ea3ae43e04f2298ae	10	0.1	lambdamart_mrfr_train_90_10_split_lm_ndcg_nofeat_random_state=0.json
120668	Q0	702a718fb1f3ef2d6d72871bb533a074d25c195a	11	0.090909	lambdamart_mrfr_train_90_10_split_lm_ndcg_nofeat_random_state=0.json
120668	Q0	66f2c89488c7bb7530aa0cccfeff529663e4505f	12	0.083333	lambdamart_mrfr_train_90_10_split_lm_ndcg_nofeat_random_state=0.json
120668	Q0	573fc3d8302fcec48b8326a4e596d3b2575d32ad	13	0.076923	lambdamart_mrfr_train_90_10_split_lm_ndcg_nofeat_random_state=0.json
120668	Q0	6597401f70bdcb51803ad1d21374b857012b4607	14	0.071429	lambdamart_mrfr_train_90_10_split_lm_ndcg_nofeat_random_state=0.json
120668	Q0	2b0d349bda6a0c3f5a34b2b0ecca5e3f98334d6f	15	0.066667	lambdamart_mrfr_train_90_10_split_lm_ndcg_nofeat_random_state=0.json
120668	Q0	90720a63e3cf52c0c265addebb6298b234724148	16	0.0625	lambdamart_mrfr_train_90_10_split_lm_ndcg_nofeat_random_state=0.json
120668	Q0	98c586f24004b61502aee27439d779e0d485b4f1	17	0.058824	lambdamart_mrfr_train_90_10_split_lm_ndcg_nofeat_random_state=0.json
120668	Q0	b7390e56cb23f73f36fe8326943a70614844ce3a	18	0.055556	lambdamart_mrfr_train_90_10_split_lm_ndcg_nofeat_random_state=0.json
120668	Q0	4501dcce760bcfd44e604511a9bf8013388d6321	19	0.052632	lambdamart_mrfr_train_90_10_split_lm_ndcg_nofeat_random_state=0.json
120668	Q0	23547c03a9afff11ee15908f3500e01956126938	20	0.05	lambdamart_mrfr_train_90_10_split_lm_ndcg_nofeat_random_state=0.json
120668	Q0	60eec4b182953fbfc089b2ac9d5299515b6eed1e	21	0.047619	lambdamart_mrfr_train_90_10_split_lm_ndcg_nofeat_random_state=0.json
120668	Q0	9b2d0fbff0d2f0bda12c4247728e2422eb7f550f	22	0.045455	lambdamart_mrfr_train_90_10_split_lm_ndcg_nofeat_random_state=0.json
120668	Q0	2bd3da02719b11a05c9095ee8fe4199afa925e98	23	0.043478	lambdamart_mrfr_train_90_10_split_lm_ndcg_nofeat_random_state=0.json
120668	Q0	9aef7952008e70c1f780dd558078e4c01b9fb3be	24	0.041667	lambdamart_mrfr_train_90_10_split_lm_ndcg_nofeat_random_state=0.json
120668	Q0	a6a353b9fb593b90462e5aaeb060e7d0b4902534	25	0.04	lambdamart_mrfr_train_90_10_split_lm_ndcg_nofeat_random_state=0.json
120668	Q0	1ce48acc3cb3f3993b69686796950fe98d0e9fd9	26	0.038462	lambdamart_mrfr_train_90_10_split_lm_ndcg_nofeat_random_state=0.json
120668	Q0	9082fe78d3be1bb40f68d21bc8f4f09d170660fe	27	0.037037	lambdamart_mrfr_train_90_10_split_lm_ndcg_nofeat_random_state=0.json
120668	Q0	098e4971a61350d12cd982e0e36433a708d27976	28	0.035714	lambdamart_mrfr_train_90_10_split_lm_ndcg_nofeat_random_state=0.json
120668	Q0	a80b41970db2d500e59e50dd67d442e06558d188	29	0.034483	lambdamart_mrfr_train_90_10_split_lm_ndcg_nofeat_random_state=0.json
120668	Q0	f7707cf8ffb019365c551f4118c23cafd5ca639d	30	0.033333	lambdamart_mrfr_train_90_10_split_lm_ndcg_nofeat_random_state=0.json
12096	Q0	a9256eda3588baf81c5d7dcfcfad5bb51beedcc3	1	1.0	lambdamart_mrfr_train_90_10_split_lm_ndcg_nofeat_random_state=0.json
12096	Q0	5e32568827013cbca6c6521806b196a3e26e7e31	2	0.5	lambdamart_mrfr_train_90_10_split_lm_ndcg_nofeat_random_state=0.json
12096	Q0	83943405355989e6e0a625f763fbb151ee28b489	3	0.333333	lambdamart_mrfr_train_90_10_split_lm_ndcg_nofeat_random_state=0.json
12096	Q0	162ba96cfff6aff24bb4a5ca1e747fe6ede51a8a	4	0.25	lambdamart_mrfr_train_90_10_split_lm_ndcg_nofeat_random_state=0.json
12096	Q0	ba575d984e2c6e6cf6fab7705c57f3f88e09225a	5	0.2	lambdamart_mrfr_train_90_10_split_lm_ndcg_nofeat_random_state=0.json
12096	Q0	5484fea74a8a1605f9d700b28fd18acd287e2e42	6	0.166667	lambdamart_mrfr_train_90_10_split_lm_ndcg_nofeat_random_state=0.json
12096	Q0	2527533793905e333f6b321da738248c89bc56c9	7	0.142857	lambdamart_mrfr_train_90_10_split_lm_ndcg_nofeat_random_state=0.json
12096	Q0	2a1214c753dfaeab64e263d12e9779837328d809	8	0.125	lambdamart_mrfr_train_90_10_split_lm_ndcg_nofeat_random_state=0.json
12096	Q0	a83f97f3d412cb18a211c1e40d85f3ecfdb43b21	9	0.111111	lambdamart_mrfr_train_90_10_split_lm_ndcg_nofeat_random_state=0.json
12096	Q0	830d0bc466490304d60eb22d46c94f7e9be5dc9a	10	0.1	lambdamart_mrfr_train_90_10_split_lm_ndcg_nofeat_random_state=0.json
12096	Q0	73e757752262412abb434f2e1a5972b43edfd025	11	0.090909	lambdamart_mrfr_train_90_10_split_lm_ndcg_nofeat_random_state=0.json
12096	Q0	4c8fa247e625d665fa03713049cbf456d07b5066	12	0.083333	lambdamart_mrfr_train_90_10_split_lm_ndcg_nofeat_random_state=0.json
12096	Q0	4f26e317700b77a535525698f92606c11059d04e	13	0.076923	lambdamart_mrfr_train_90_10_split_lm_ndcg_nofeat_random_state=0.json
12096	Q0	8185c3683581341dc34d82bce13c5cd203f2a9d1	14	0.071429	lambdamart_mrfr_train_90_10_split_lm_ndcg_nofeat_random_state=0.json
12096	Q0	a6ef48e181eec9d7220a68367bc45af7d9b77626	15	0.066667	lambdamart_mrfr_train_90_10_split_lm_ndcg_nofeat_random_state=0.json
12096	Q0	c9df3d39a2514b72eac60c97eb320d7af45794a8	16	0.0625	lambdamart_mrfr_train_90_10_split_lm_ndcg_nofeat_random_state=0.json
12096	Q0	b59e4f2499e0606957a31393d4fba092767fa28c	17	0.058824	lambdamart_mrfr_train_90_10_split_lm_ndcg_nofeat_random_state=0.json
12096	Q0	ddb9d351b77d4e72b2ff61bd4cc12a5a701ec4da	18	0.055556	lambdamart_mrfr_train_90_10_split_lm_ndcg_nofeat_random_state=0.json
12096	Q0	f3621cf1faeb361c1b0b604af1da73b06f99c930	19	0.052632	lambdamart_mrfr_train_90_10_split_lm_ndcg_nofeat_random_state=0.json
12096	Q0	fb7c43697b67842f835a2899b822c1dfea7480d4	20	0.05	lambdamart_mrfr_train_90_10_split_lm_ndcg_nofeat_random_state=0.json
12096	Q0	66d42bf58c5d6e0bcabc7f9fac34ddaf9ef064d5	21	0.047619	lambdamart_mrfr_train_90_10_split_lm_ndcg_nofeat_random_state=0.json
31412	Q0	b638d404a28a56d5553e84bea7450712f5cf00ba	1	1.0	lambdamart_mrfr_train_90_10_split_lm_ndcg_nofeat_random_state=0.json
31412	Q0	bcefce5aef53be840a92db6302aff0b477daefa3	2	0.5	lambdamart_mrfr_train_90_10_split_lm_ndcg_nofeat_random_state=0.json
31412	Q0	80eac71aab767692c55eff374e8e45e6b43252e0	3	0.333333	lambdamart_mrfr_train_90_10_split_lm_ndcg_nofeat_random_state=0.json
31412	Q0	bdfa1a62c964f19b5ce000d7812ba9f66456a4a4	4	0.25	lambdamart_mrfr_train_90_10_split_lm_ndcg_nofeat_random_state=0.json
31412	Q0	4205add90858f6d1d8f942bb909fb5c95aa5821b	5	0.2	lambdamart_mrfr_train_90_10_split_lm_ndcg_nofeat_random_state=0.json
31412	Q0	525065701dcc1a0c8ee64e22a832343e663da46e	6	0.166667	lambdamart_mrfr_train_90_10_split_lm_ndcg_nofeat_random_state=0.json
31412	Q0	a224d37a6023762fe465fd56e9c6ed00423a2930	7	0.142857	lambdamart_mrfr_train_90_10_split_lm_ndcg_nofeat_random_state=0.json
31412	Q0	96158b64bf66a69b35cf27f54018d7a37faebd44	8	0.125	lambdamart_mrfr_train_90_10_split_lm_ndcg_nofeat_random_state=0.json
31412	Q0	53de277427b09db98aea5139a188c6c2493415dd	9	0.111111	lambdamart_mrfr_train_90_10_split_lm_ndcg_nofeat_random_state=0.json
31412	Q0	5bf8e8f158130dabba8cb5af3df9f18d8d2bcf3f	10	0.1	lambdamart_mrfr_train_90_10_split_lm_ndcg_nofeat_random_state=0.json
31412	Q0	59ab54f50c6a278425bdbf115921bd2f94923e28	11	0.090909	lambdamart_mrfr_train_90_10_split_lm_ndcg_nofeat_random_state=0.json
31412	Q0	c8b3f498a39dd52aceb684e7052bc5938c1aba51	12	0.083333	lambdamart_mrfr_train_90_10_split_lm_ndcg_nofeat_random_state=0.json
31412	Q0	3aebc8afc97439a26332526ba4c362771e332087	13	0.076923	lambdamart_mrfr_train_90_10_split_lm_ndcg_nofeat_random_state=0.json
31412	Q0	40427137084ceedab41a543a92b19633e0b7633c	14	0.071429	lambdamart_mrfr_train_90_10_split_lm_ndcg_nofeat_random_state=0.json
31412	Q0	81b95e0483d32945aad0c09849f1a9b2022d59c4	15	0.066667	lambdamart_mrfr_train_90_10_split_lm_ndcg_nofeat_random_state=0.json
31412	Q0	394149ca78b50fb0811a49af46eb95c7ff7241e9	16	0.0625	lambdamart_mrfr_train_90_10_split_lm_ndcg_nofeat_random_state=0.json
31412	Q0	4fdde4e7831e03ad2219c87dbb8b32550772e931	17	0.058824	lambdamart_mrfr_train_90_10_split_lm_ndcg_nofeat_random_state=0.json
31412	Q0	621dda0a250798285ac4112b2da2d770fd2b8c04	18	0.055556	lambdamart_mrfr_train_90_10_split_lm_ndcg_nofeat_random_state=0.json
31412	Q0	433ce2be86f13cffce8f253fe109871cee923854	19	0.052632	lambdamart_mrfr_train_90_10_split_lm_ndcg_nofeat_random_state=0.json
67404	Q0	03f8ca128fa4e9a4f5b9f2f211c0fc9f2793fb3c	1	1.0	lambdamart_mrfr_train_90_10_split_lm_ndcg_nofeat_random_state=0.json
67404	Q0	a2addbd0461e95e907797a4304b7e4d43dff9d0f	2	0.5	lambdamart_mrfr_train_90_10_split_lm_ndcg_nofeat_random_state=0.json
67404	Q0	38dd11deaadd13d2c21904ae2bdf9789f6cfbbbb	3	0.333333	lambdamart_mrfr_train_90_10_split_lm_ndcg_nofeat_random_state=0.json
67404	Q0	1fb6244f5062e6cd67200e727e9b19a9e7c860fd	4	0.25	lambdamart_mrfr_train_90_10_split_lm_ndcg_nofeat_random_state=0.json
67404	Q0	cc0b5cf8c4efb446c0099b676af851789aba11a4	5	0.2	lambdamart_mrfr_train_90_10_split_lm_ndcg_nofeat_random_state=0.json
67404	Q0	0c6ee9275a9630e2ff82fdc887cd3dadceae4c1c	6	0.166667	lambdamart_mrfr_train_90_10_split_lm_ndcg_nofeat_random_state=0.json
67404	Q0	a4650a51383210140fe056cc97f088885ad23870	7	0.142857	lambdamart_mrfr_train_90_10_split_lm_ndcg_nofeat_random_state=0.json
67404	Q0	c402314407034f3670ce1db0a41d07cee0349a1e	8	0.125	lambdamart_mrfr_train_90_10_split_lm_ndcg_nofeat_random_state=0.json
67404	Q0	fe66a40b164943d20531a6c1133db42b7e9100dc	9	0.111111	lambdamart_mrfr_train_90_10_split_lm_ndcg_nofeat_random_state=0.json
67404	Q0	dc6428d7165520a379006f9e340e7b0dbd47214c	10	0.1	lambdamart_mrfr_train_90_10_split_lm_ndcg_nofeat_random_state=0.json
67404	Q0	85ae2808bef0093adf2d817060834999d5a9824a	11	0.090909	lambdamart_mrfr_train_90_10_split_lm_ndcg_nofeat_random_state=0.json
25869	Q0	b934f259f93a1ec6f3449def5d77da24e8565276	1	1.0	lambdamart_mrfr_train_90_10_split_lm_ndcg_nofeat_random_state=0.json
25869	Q0	81b88f3ca681160d4b5b5e2c750617c4fae0c9ed	2	0.5	lambdamart_mrfr_train_90_10_split_lm_ndcg_nofeat_random_state=0.json
25869	Q0	192bc62a5bffb2994fc620827bd43d6190484c60	3	0.333333	lambdamart_mrfr_train_90_10_split_lm_ndcg_nofeat_random_state=0.json
25869	Q0	c42d8a7009aa9ff2460c381851b2868dc6855ba5	4	0.25	lambdamart_mrfr_train_90_10_split_lm_ndcg_nofeat_random_state=0.json
25869	Q0	36a2fe202f8b98e599522c064f1e7647a4b2448f	5	0.2	lambdamart_mrfr_train_90_10_split_lm_ndcg_nofeat_random_state=0.json
25869	Q0	fa78e5bdb9c8d1ca208bc8fd13f3575b5302dcd1	6	0.166667	lambdamart_mrfr_train_90_10_split_lm_ndcg_nofeat_random_state=0.json
25869	Q0	fdf72643d394376d7f7952ca35f036eb89845623	7	0.142857	lambdamart_mrfr_train_90_10_split_lm_ndcg_nofeat_random_state=0.json
25869	Q0	78759825d9db0d29c3caef4efb95ff72563dcb54	8	0.125	lambdamart_mrfr_train_90_10_split_lm_ndcg_nofeat_random_state=0.json
25869	Q0	1d9d64c78c6968219ff2c2eadee8b61ab8f2cad8	9	0.111111	lambdamart_mrfr_train_90_10_split_lm_ndcg_nofeat_random_state=0.json
25869	Q0	a0dcad52eac5ab052599feec6c07f365e532a157	10	0.1	lambdamart_mrfr_train_90_10_split_lm_ndcg_nofeat_random_state=0.json
25869	Q0	d392497c3fd6d8c9beafbe262d2480b7c44893ac	11	0.090909	lambdamart_mrfr_train_90_10_split_lm_ndcg_nofeat_random_state=0.json
25869	Q0	356156f993286a209b0665023a7155280a3f4343	12	0.083333	lambdamart_mrfr_train_90_10_split_lm_ndcg_nofeat_random_state=0.json
25869	Q0	f2730378ffc2e45f3c591423bd607e8e2b988070	13	0.076923	lambdamart_mrfr_train_90_10_split_lm_ndcg_nofeat_random_state=0.json
25869	Q0	c94972c58a5d422d44d7dadfde996dfd362e3b90	14	0.071429	lambdamart_mrfr_train_90_10_split_lm_ndcg_nofeat_random_state=0.json
25869	Q0	6c5a37ccc9d5a885f030c4720819d5b76dd2a19b	15	0.066667	lambdamart_mrfr_train_90_10_split_lm_ndcg_nofeat_random_state=0.json
25869	Q0	9230ed9c64f2acdbe0cdbb66127e069ece9f35bc	16	0.0625	lambdamart_mrfr_train_90_10_split_lm_ndcg_nofeat_random_state=0.json
25869	Q0	a1e61ff6cf68cfe936d3f3d8d13812d0a81d5823	17	0.058824	lambdamart_mrfr_train_90_10_split_lm_ndcg_nofeat_random_state=0.json
25869	Q0	e773b656c7260c01108ecce09c9f9894e4f89c76	18	0.055556	lambdamart_mrfr_train_90_10_split_lm_ndcg_nofeat_random_state=0.json
25869	Q0	1a10a91be8b36b864e39aa88286b822de0ee03a0	19	0.052632	lambdamart_mrfr_train_90_10_split_lm_ndcg_nofeat_random_state=0.json
25869	Q0	a4e3824b84ef5fdee33cc7533b8ae244a358aaea	20	0.05	lambdamart_mrfr_train_90_10_split_lm_ndcg_nofeat_random_state=0.json
25869	Q0	bcf0ea109f6350c4c7a1d1014c411852a5e5c127	21	0.047619	lambdamart_mrfr_train_90_10_split_lm_ndcg_nofeat_random_state=0.json
25869	Q0	74da1c89b455ebe0b64263c788b2cb8b667860fa	22	0.045455	lambdamart_mrfr_train_90_10_split_lm_ndcg_nofeat_random_state=0.json
25869	Q0	9b110e97f4df1f6f7a24d573adc730b370e81f01	23	0.043478	lambdamart_mrfr_train_90_10_split_lm_ndcg_nofeat_random_state=0.json
25869	Q0	63a8707d8c19053d41b45aa782eaad73a7025b15	24	0.041667	lambdamart_mrfr_train_90_10_split_lm_ndcg_nofeat_random_state=0.json
25869	Q0	cb442401a3f57dfd816ae7d9271066e50d4e3680	25	0.04	lambdamart_mrfr_train_90_10_split_lm_ndcg_nofeat_random_state=0.json
25869	Q0	f96a1aac0ea2cadc02213fcac2872cb7b358f34c	26	0.038462	lambdamart_mrfr_train_90_10_split_lm_ndcg_nofeat_random_state=0.json
25869	Q0	d5e6e9c58d04a042a3a313d50300ab7c5832063b	27	0.037037	lambdamart_mrfr_train_90_10_split_lm_ndcg_nofeat_random_state=0.json
25869	Q0	80dde44b9ee84298b2764c8f84c93011aa78b347	28	0.035714	lambdamart_mrfr_train_90_10_split_lm_ndcg_nofeat_random_state=0.json
25869	Q0	672e587a3c4b82a995d1527796ec2a4a71cb738c	29	0.034483	lambdamart_mrfr_train_90_10_split_lm_ndcg_nofeat_random_state=0.json
25869	Q0	55545d2c73cce5d3f2ad42f04b6cbcee5a2d4144	30	0.033333	lambdamart_mrfr_train_90_10_split_lm_ndcg_nofeat_random_state=0.json
3462	Q0	4d49a502dc7af98a3a35e92a3bd8b309f9993347	1	1.0	lambdamart_mrfr_train_90_10_split_lm_ndcg_nofeat_random_state=0.json
3462	Q0	f73c139b18eb37e0d5431d561ffff2b9869ab678	2	0.5	lambdamart_mrfr_train_90_10_split_lm_ndcg_nofeat_random_state=0.json
3462	Q0	5e3e15ade2c47ce770e9c9b54a9a45a2ba402a75	3	0.333333	lambdamart_mrfr_train_90_10_split_lm_ndcg_nofeat_random_state=0.json
3462	Q0	16275e5e070de5dd097b2bb0d6204f0f8e5538a3	4	0.25	lambdamart_mrfr_train_90_10_split_lm_ndcg_nofeat_random_state=0.json
3462	Q0	f45da870e5d5d69acb9d30ed7066fc34d718de70	5	0.2	lambdamart_mrfr_train_90_10_split_lm_ndcg_nofeat_random_state=0.json
3462	Q0	06e0b5db31bacfa2308e642c5b256f445f8b8faf	6	0.166667	lambdamart_mrfr_train_90_10_split_lm_ndcg_nofeat_random_state=0.json
3462	Q0	ee842cd5a66219959a90a71d458b4133e6d4a0f5	7	0.142857	lambdamart_mrfr_train_90_10_split_lm_ndcg_nofeat_random_state=0.json
3462	Q0	91c913cba64342a0b5a361722335a88f3f5b1fd6	8	0.125	lambdamart_mrfr_train_90_10_split_lm_ndcg_nofeat_random_state=0.json
3462	Q0	7faeeab680967fcc55f5598235d7016c9e082efb	9	0.111111	lambdamart_mrfr_train_90_10_split_lm_ndcg_nofeat_random_state=0.json
3462	Q0	fb42b0b3ed9ba7cf7093ee6270d1a228a8e15fb0	10	0.1	lambdamart_mrfr_train_90_10_split_lm_ndcg_nofeat_random_state=0.json
3462	Q0	b361589060a63a9ed383ee8b0af37eea58256276	11	0.090909	lambdamart_mrfr_train_90_10_split_lm_ndcg_nofeat_random_state=0.json
3462	Q0	54a4f558c0b4f916cf49ff2eceaadb94d5d3637d	12	0.083333	lambdamart_mrfr_train_90_10_split_lm_ndcg_nofeat_random_state=0.json
3462	Q0	55999d312ae5d4339c767f0ecb7682c126e27b0e	13	0.076923	lambdamart_mrfr_train_90_10_split_lm_ndcg_nofeat_random_state=0.json
3462	Q0	72f6630ca24fb70222b26f3a62f4bb6309d7e5e6	14	0.071429	lambdamart_mrfr_train_90_10_split_lm_ndcg_nofeat_random_state=0.json
3462	Q0	152a7edd0e4549e3ee8323489fa96946807ada9f	15	0.066667	lambdamart_mrfr_train_90_10_split_lm_ndcg_nofeat_random_state=0.json
3462	Q0	8ba8744defe4cc46b5a7247c425184acb7890305	16	0.0625	lambdamart_mrfr_train_90_10_split_lm_ndcg_nofeat_random_state=0.json
3462	Q0	b8296445c1dded6842f6bc2c7facb67b06ec5416	17	0.058824	lambdamart_mrfr_train_90_10_split_lm_ndcg_nofeat_random_state=0.json
3462	Q0	069fa40dcf2ffd698e8b32dc2f44a097ed11b99d	18	0.055556	lambdamart_mrfr_train_90_10_split_lm_ndcg_nofeat_random_state=0.json
3462	Q0	c42f40f13f54404aab2170f56e0cb871f906ee8a	19	0.052632	lambdamart_mrfr_train_90_10_split_lm_ndcg_nofeat_random_state=0.json
3462	Q0	ff30cf441a968ecf78a35a201a1c4eab288eb8aa	20	0.05	lambdamart_mrfr_train_90_10_split_lm_ndcg_nofeat_random_state=0.json
3462	Q0	4afbf50b73bde27a93659da77bbf84854c7c0b79	21	0.047619	lambdamart_mrfr_train_90_10_split_lm_ndcg_nofeat_random_state=0.json
3462	Q0	de99e6eefe6aac7f9ef6e724fdf864b60cdabafe	22	0.045455	lambdamart_mrfr_train_90_10_split_lm_ndcg_nofeat_random_state=0.json
3462	Q0	701012b5b1621c2c7af76da179d8d1cd55a5ae45	23	0.043478	lambdamart_mrfr_train_90_10_split_lm_ndcg_nofeat_random_state=0.json
3462	Q0	f2573ccdd9ff0bf9656931365f20ac75423e9e05	24	0.041667	lambdamart_mrfr_train_90_10_split_lm_ndcg_nofeat_random_state=0.json
3462	Q0	6bd7154ce0252a2eebe5844090727bcc04845bdf	25	0.04	lambdamart_mrfr_train_90_10_split_lm_ndcg_nofeat_random_state=0.json
3462	Q0	b741d1ae0e792a3a1e997cb727947758d5d0a823	26	0.038462	lambdamart_mrfr_train_90_10_split_lm_ndcg_nofeat_random_state=0.json
3462	Q0	2f5768c969b323cbc002e84f625ecf4b585b9419	27	0.037037	lambdamart_mrfr_train_90_10_split_lm_ndcg_nofeat_random_state=0.json
3462	Q0	668f3d43acd2ade93daa05223960befcbf96ad6d	28	0.035714	lambdamart_mrfr_train_90_10_split_lm_ndcg_nofeat_random_state=0.json
3462	Q0	ee47c74f530e229c36d703980b3acedfa693b111	29	0.034483	lambdamart_mrfr_train_90_10_split_lm_ndcg_nofeat_random_state=0.json
3462	Q0	ed0e6b89f6ab151cc4a1f4731a8393d581789f69	30	0.033333	lambdamart_mrfr_train_90_10_split_lm_ndcg_nofeat_random_state=0.json
3462	Q0	3ec4b5ac8b713c7103f02c076898dc6ff05b7984	31	0.032258	lambdamart_mrfr_train_90_10_split_lm_ndcg_nofeat_random_state=0.json
3462	Q0	50121dd7d8e478cc547d9d3cea23fad78f13ab1f	32	0.03125	lambdamart_mrfr_train_90_10_split_lm_ndcg_nofeat_random_state=0.json
3462	Q0	e3c5d8952d509b86d06ece1c83244f148a1a4337	33	0.030303	lambdamart_mrfr_train_90_10_split_lm_ndcg_nofeat_random_state=0.json
3462	Q0	1487335adcfb75344d99544e133559ec4620acd8	34	0.029412	lambdamart_mrfr_train_90_10_split_lm_ndcg_nofeat_random_state=0.json
64062	Q0	fec0a1b8a86338a5ffc277eb5708b8e2b49a6d7b	1	1.0	lambdamart_mrfr_train_90_10_split_lm_ndcg_nofeat_random_state=0.json
64062	Q0	5afc1c9ce4883d4c3b59fb2f1b300af3fe23dd8a	2	0.5	lambdamart_mrfr_train_90_10_split_lm_ndcg_nofeat_random_state=0.json
64062	Q0	4106cc16aac157c0c60747ea9641fee7e819e4c4	3	0.333333	lambdamart_mrfr_train_90_10_split_lm_ndcg_nofeat_random_state=0.json
64062	Q0	ddcbd59da9e63f9042f6ade9b57ae8cf542e689b	4	0.25	lambdamart_mrfr_train_90_10_split_lm_ndcg_nofeat_random_state=0.json
64062	Q0	056dd37329c2addbcd4f9c3efb293399d61b00c5	5	0.2	lambdamart_mrfr_train_90_10_split_lm_ndcg_nofeat_random_state=0.json
64062	Q0	3c6f9bbf0fe921aade60cc519d4ed54876b276b6	6	0.166667	lambdamart_mrfr_train_90_10_split_lm_ndcg_nofeat_random_state=0.json
64062	Q0	e21e8a180ea7464d6759ef5355875a850fe1b9bf	7	0.142857	lambdamart_mrfr_train_90_10_split_lm_ndcg_nofeat_random_state=0.json
64062	Q0	dfce8f7f325d6e289a890b83b53e8c86e552c8aa	8	0.125	lambdamart_mrfr_train_90_10_split_lm_ndcg_nofeat_random_state=0.json
64062	Q0	f5579f1e228cbd4994ae1ac1d987a29d1a2eff94	9	0.111111	lambdamart_mrfr_train_90_10_split_lm_ndcg_nofeat_random_state=0.json
64062	Q0	09b86a26ef1e56d3e27492dc9628712777c376fe	10	0.1	lambdamart_mrfr_train_90_10_split_lm_ndcg_nofeat_random_state=0.json
64062	Q0	ddf93feb1e317b9dc8d51f10ff04197520280a80	11	0.090909	lambdamart_mrfr_train_90_10_split_lm_ndcg_nofeat_random_state=0.json
64062	Q0	ae7d2d7098dcee354c32ba98eaa8744b36c6ea88	12	0.083333	lambdamart_mrfr_train_90_10_split_lm_ndcg_nofeat_random_state=0.json
64062	Q0	f725bc05691471db4d750f3bf6dc559fe23c7d98	13	0.076923	lambdamart_mrfr_train_90_10_split_lm_ndcg_nofeat_random_state=0.json
64062	Q0	64b6379fe3ccb46f84821413ed4f3cf319d4e4cd	14	0.071429	lambdamart_mrfr_train_90_10_split_lm_ndcg_nofeat_random_state=0.json
64062	Q0	9eb3bb6b944327234b82baea69db90386d036103	15	0.066667	lambdamart_mrfr_train_90_10_split_lm_ndcg_nofeat_random_state=0.json
64062	Q0	2c481aab98b916cb99ab9e79990e796ef84405db	16	0.0625	lambdamart_mrfr_train_90_10_split_lm_ndcg_nofeat_random_state=0.json
64062	Q0	b6cc8da832d3e83b9b3336f5f037fd15daecd245	17	0.058824	lambdamart_mrfr_train_90_10_split_lm_ndcg_nofeat_random_state=0.json
64062	Q0	86149a378cb859349a499ec3850be92c46a89619	18	0.055556	lambdamart_mrfr_train_90_10_split_lm_ndcg_nofeat_random_state=0.json
64062	Q0	9778a6b51aee2453a3a1fb0bc1bacc6a40c9949f	19	0.052632	lambdamart_mrfr_train_90_10_split_lm_ndcg_nofeat_random_state=0.json
64062	Q0	64910a4ca631a23bd19b8e4f6c4a3e70d762110e	20	0.05	lambdamart_mrfr_train_90_10_split_lm_ndcg_nofeat_random_state=0.json
20363	Q0	a1efc262f96d83b91986cfef14f34b7488230f67	1	1.0	lambdamart_mrfr_train_90_10_split_lm_ndcg_nofeat_random_state=0.json
20363	Q0	1640413b9e31b2fd4316531c75aaccdba1af4431	2	0.5	lambdamart_mrfr_train_90_10_split_lm_ndcg_nofeat_random_state=0.json
20363	Q0	2a309b3881eba659bf52fb7d1d54fe08f06b1018	3	0.333333	lambdamart_mrfr_train_90_10_split_lm_ndcg_nofeat_random_state=0.json
20363	Q0	77e415fd782b5923fce645517a98daf6785f832d	4	0.25	lambdamart_mrfr_train_90_10_split_lm_ndcg_nofeat_random_state=0.json
20363	Q0	c4a65fd779894be9759333c50c2f44b746fb1743	5	0.2	lambdamart_mrfr_train_90_10_split_lm_ndcg_nofeat_random_state=0.json
20363	Q0	00b213795dd4c926f3a4b4a2979a845f0ca6b7f5	6	0.166667	lambdamart_mrfr_train_90_10_split_lm_ndcg_nofeat_random_state=0.json
20363	Q0	66d5c10f389a17866d0a264f01c814dbf2344d40	7	0.142857	lambdamart_mrfr_train_90_10_split_lm_ndcg_nofeat_random_state=0.json
20363	Q0	37440fe96af3225859678b79328d5a78892a4470	8	0.125	lambdamart_mrfr_train_90_10_split_lm_ndcg_nofeat_random_state=0.json
20363	Q0	a5d7882c802823589775eb3f60562c9449eb9746	9	0.111111	lambdamart_mrfr_train_90_10_split_lm_ndcg_nofeat_random_state=0.json
20363	Q0	27caf712eb6f7eb4525e5c0759c4f989f54e706b	10	0.1	lambdamart_mrfr_train_90_10_split_lm_ndcg_nofeat_random_state=0.json
20363	Q0	e472904815fbd41453edfaa7aeb51f837987f6c7	11	0.090909	lambdamart_mrfr_train_90_10_split_lm_ndcg_nofeat_random_state=0.json
20363	Q0	305b8306b23f42870fa3191af85c547e4a922c44	12	0.083333	lambdamart_mrfr_train_90_10_split_lm_ndcg_nofeat_random_state=0.json
20363	Q0	0cadf8c2eeb3009d46855fb0470c1af0ad2017d2	13	0.076923	lambdamart_mrfr_train_90_10_split_lm_ndcg_nofeat_random_state=0.json
20363	Q0	98ab45160269f7c1545f7924f989d5da1895e9a5	14	0.071429	lambdamart_mrfr_train_90_10_split_lm_ndcg_nofeat_random_state=0.json
20363	Q0	d5781bdf5e310e27acc4ba03a1f01c1f8a951991	15	0.066667	lambdamart_mrfr_train_90_10_split_lm_ndcg_nofeat_random_state=0.json
20363	Q0	658dac82a4f292ecd7c631c6a61408db75f05d07	16	0.0625	lambdamart_mrfr_train_90_10_split_lm_ndcg_nofeat_random_state=0.json
20363	Q0	ad6de2d9a36f851da4bef2c9f576a24ac502920a	17	0.058824	lambdamart_mrfr_train_90_10_split_lm_ndcg_nofeat_random_state=0.json
20363	Q0	fa91ec5f73176b159fc018cd38c94627a2e4fc99	18	0.055556	lambdamart_mrfr_train_90_10_split_lm_ndcg_nofeat_random_state=0.json
